{
    "rmse": 0.7109776322810574,
    "mae": 0.5638456467454637,
    "r2": 0.25084271828530724
}